"id","tema","situacion","pregunta","opcionA","opcionB","opcionC","correcta","explicacion","consecuencia","dificultad"
"1","ciudadania_digital","Tu grupo quiere publicar fotos de una actividad. Una compañera no quiere aparecer.","¿Qué hacen?","Publican porque es una actividad escolar.","Piden permiso y eligen una imagen donde ella no aparezca.","Publican sin etiquetarla.","B","Participar de una actividad no implica aceptar que se publique nuestra imagen. Respetar esa decisión es parte de la convivencia digital.","1","facil"
"2","ciudadania_digital","En un foro del curso alguien propone una idea con la que no estás de acuerdo.","¿Cómo participás?","Explico mi desacuerdo con respeto y argumentos.","Comparto una captura para que otros se rían.","Le digo que deje de participar.","A","Podemos disentir sin atacar a la persona. Los argumentos y la escucha ayudan a construir espacios donde todos puedan participar.","5","facil"
"3","informacion_sensible","Vas a subir una foto de tu entrada a un recital. Se ve el código QR.","¿Qué conviene hacer?","Subirla solo a historias, porque desaparece.","Publicarla si no aparece tu nombre.","Ocultar el código y los datos antes de compartir.","C","Un código de acceso puede ser usado por otra persona. Que una historia desaparezca no impide que alguien haga una captura.","2","media"
"4","informacion_sensible","Una app de filtros pide tu dirección y acceso permanente a la ubicación.","¿Qué hacés?","Acepto todo para probarla.","Reviso para qué lo necesita y evito permisos innecesarios.","Acepto porque una app popular siempre es segura.","B","Antes de compartir datos conviene revisar su finalidad. Una función de filtros no justifica por sí sola conocer dónde estás todo el tiempo.","4","media"
"5","phishing","Un mensaje dice que tu cuenta se cerrará hoy y te pide entrar a un enlace para escribir tu contraseña.","¿Qué hacés?","Abro la app oficial por mi cuenta para verificar el aviso.","Entro al enlace porque tiene el logo correcto.","Respondo con la contraseña para evitar el cierre.","A","Los logos se pueden copiar y la urgencia puede usarse para engañar. Verificá desde la aplicación o dirección oficial que ya conocés.","3","media"
"6","phishing","Un contacto te pide un código de verificación que acaba de llegar a tu teléfono.","¿Qué hacés?","Se lo paso si su foto de perfil es conocida.","Se lo paso y después cambio la contraseña.","No comparto el código y verifico por otro medio qué ocurre.","C","Los códigos de verificación pueden permitir el acceso a tu cuenta. Incluso una cuenta conocida puede haber sido comprometida.","6","media"
"7","ciberbullying","En el grupo circulan memes que humillan a un compañero y él pidió que paren.","¿Qué podés hacer?","Reenviarlos a otro grupo para preguntar qué opinan.","No difundirlos, acompañarlo y buscar ayuda de una persona adulta de confianza.","Esperar a que se acostumbre.","B","Acompañar y frenar la difusión ayuda. Pedir apoyo permite abordar el daño; no es responsabilidad de quien sufre el acoso resolverlo solo.","1","facil"
"8","ciberbullying","Una compañera te cuenta que recibe mensajes humillantes repetidos y teme contarlo.","¿Cómo respondés?","La escucho sin culparla y la acompaño a pedir ayuda.","Le digo que cierre todas sus cuentas y lo olvide.","Le sugiero responder con insultos para defenderse.","A","Escuchar y acompañar puede reducir el aislamiento. Con apoyo adulto se puede evaluar cómo guardar evidencia, reportar y detener el acoso.","5","media"
"9","grooming","Alguien que conociste jugando te ofrece regalos y pide que mantengas sus conversaciones en secreto frente a las personas adultas que te cuidan.","¿Qué hacés?","Acepto porque jugamos hace varias semanas.","Le envío más datos para demostrar confianza.","No sigo sus pedidos y busco ayuda de una persona adulta de confianza.","C","Los regalos y los pedidos de secreto pueden usarse para manipular. No tenés que enfrentar la situación a solas ni demostrar confianza compartiendo información.","4","media"
"10","grooming","Un contacto amenaza con publicar una imagen privada si no le enviás más.","¿Cuál es la mejor decisión?","Enviar otra imagen para que se calme.","Pedir ayuda a una persona adulta de confianza sin ceder a la amenaza.","Pagarle para asegurarte de que borre todo.","B","La responsabilidad es de quien amenaza. Ceder no garantiza que pare. Buscá apoyo para protegerte y evaluar cómo conservar mensajes y reportar sin difundir imágenes privadas.","2","media"
"11","fake_news_ia","Circula un audio atribuido a la dirección que anuncia la suspensión de clases.","¿Qué hacés antes de reenviarlo?","Consulto los canales oficiales de la escuela.","Lo reenvío si la voz parece real.","Creo el mensaje porque ya lo compartieron muchas personas.","A","Una voz puede imitarse y un mensaje puede estar fuera de contexto. Consultar la fuente original permite verificar el anuncio.","6","media"
"12","fake_news_ia","Una IA te da un dato sorprendente para un trabajo, pero no encontrás la fuente que menciona.","¿Qué hacés?","Lo uso porque la respuesta está bien escrita.","Pongo esa fuente sin abrirla.","Contrasto el dato con fuentes verificables antes de usarlo.","C","Una respuesta convincente puede contener errores o referencias inventadas. Verificar las fuentes forma parte del trabajo, aunque se use IA.","3","media"
"13","ludopatia","Un amigo perdió dinero apostando y pide un préstamo para recuperarlo con otra apuesta.","¿Qué hacés?","Le presto si promete devolverlo pronto.","No financio más apuestas; lo escucho y lo acompaño a pedir apoyo.","Busco con él una apuesta que parezca segura.","B","Apostar de nuevo no garantiza recuperar lo perdido y puede aumentar las pérdidas. Acompañar sin juzgar y buscar apoyo es más útil que financiar nuevas apuestas.","2","media"
"14","ludopatia","Un influencer ofrece un código para apostar y muestra solo sus ganancias.","¿Qué conviene pensar?","Puede ser publicidad y omitir pérdidas; no demuestra que ganar sea fácil.","Si muestra capturas, cualquier persona puede repetir sus resultados.","Un código promocional elimina el riesgo de perder.","A","Una promoción puede mostrar una parte interesada de la historia. Ni las capturas ni los bonos garantizan ganancias o eliminan el riesgo.","1","media"
"15","ciudadania_digital","En un grupo del curso se comparte una captura de una conversación privada para burlarse de una compañera.","¿Qué acción es más adecuada?","Reenviarla solo a amigos cercanos.","No difundirla y señalar que compartir conversaciones privadas sin permiso puede causar daño.","Publicarla sin mostrar el nombre de quien escribió.","B","Una captura puede revelar información privada aunque se oculten algunos datos. Respetar la privacidad y no amplificar el daño forma parte de una convivencia digital responsable.","1","facil"
"16","ciudadania_digital","Tenés que comentar una publicación del curso y descubrís un error en el trabajo de otro equipo.","¿Cuál es la mejor forma de intervenir?","Explicar el error con respeto y aportar información que permita revisarlo.","Escribir que el trabajo está mal sin dar razones.","Hacer una captura y compartirla en otro grupo.","A","Participar en entornos digitales también implica argumentar, cuidar el trato y contribuir a mejorar el trabajo colectivo.","5","facil"
"17","informacion_sensible","Publicás una foto desde tu casa y en el fondo se ve una factura con tu dirección completa.","¿Qué conviene hacer antes de publicar?","Tapar o recortar los datos personales que aparecen en la imagen.","Publicarla porque la dirección está en segundo plano.","Subirla solo por unas horas.","A","Las fotos pueden revelar datos sin que esa sea nuestra intención. Revisar el fondo antes de publicar ayuda a evitar compartir información sensible.","2","facil"
"18","informacion_sensible","Una encuesta en redes promete un premio y pide nombre completo, DNI, teléfono y fecha de nacimiento.","¿Qué deberías considerar antes de completar esos datos?","Si el premio es bueno, conviene completarla rápido.","Verificar quién organiza la encuesta, para qué necesita los datos y si es confiable.","Completar todo menos el teléfono.","B","Antes de entregar datos personales hay que revisar quién los solicita, con qué finalidad y si realmente son necesarios.","4","media"
"19","phishing","Recibís un correo que parece de una tienda conocida. Dice que hay un problema con tu compra y te pide actualizar la tarjeta desde un enlace.","¿Qué acción reduce mejor el riesgo de phishing?","Entrar a la tienda escribiendo su dirección o usando su app oficial para revisar la compra.","Usar el enlace si aparece el logo de la tienda.","Responder el correo con los datos de la tarjeta.","A","Los mensajes falsos pueden copiar logos y diseños. Es más seguro verificar la situación desde el canal oficial al que accedés por tu cuenta.","3","media"
"20","phishing","Un mensaje asegura que ganaste un premio, pero para recibirlo primero tenés que pagar un pequeño gasto de envío.","¿Qué señal debería hacerte desconfiar?","Que el mensaje use emojis.","Que te pidan dinero o datos para recibir un premio inesperado.","Que el premio sea un objeto conocido.","B","Los premios inesperados que exigen pagos o datos personales son una táctica frecuente de engaño. Conviene verificar la promoción por canales oficiales.","2","facil"
"21","phishing","Te llega un mensaje de WhatsApp desde el número de un familiar diciendo que cambió de teléfono y necesita una transferencia urgente.","¿Qué conviene hacer antes de enviar dinero?","Transferir una suma pequeña para comprobar si es realmente la persona.","Confirmar el pedido por otro medio, por ejemplo llamando al número que ya conocías.","Pedirle por ese mismo chat que mande una foto.","B","Una cuenta o número puede ser suplantado. Verificar por un canal independiente ayuda a confirmar la identidad antes de actuar.","6","media"
"22","ciberbullying","En un videojuego varias personas insultan repetidamente a un jugador y lo persiguen en cada partida.","¿Qué sería más adecuado hacer si sos testigo?","Sumarte para que no se metan con vos.","No participar, usar las herramientas de reporte y acompañar a quien está siendo acosado.","Grabarlo y publicarlo para mostrar lo que pasó.","B","No amplificar la agresión, acompañar y usar canales de ayuda o reporte puede contribuir a frenar el acoso sin exponer más a la persona afectada.","1","facil"
"23","ciberbullying","Alguien dice que sus comentarios ofensivos son 'solo una broma', pero la persona afectada pidió varias veces que paren y la conducta continúa.","¿Qué elemento indica que puede tratarse de ciberacoso y no de una simple broma?","Que ocurrió en una red social.","Que otras personas se rieron.","Que la conducta se repite y continúa aunque la persona manifestó que le hace mal.","C","Cuando una conducta hiriente se repite, genera malestar y continúa pese al pedido de detenerla, deja de ser una broma aceptada entre las partes.","4","media"
"24","grooming","Un contacto nuevo dice tener tu edad, comparte tus mismos gustos y rápidamente empieza a pedirte datos sobre tu escuela, horarios y lugares que frecuentás.","¿Qué conviene hacer?","Dar algunos datos para comprobar si realmente tienen cosas en común.","Evitar compartir información personal y hablar de la situación con una persona adulta de confianza.","Preguntarle primero dónde estudia él y luego responder.","B","En contactos cuya identidad no conocemos, compartir escuela, horarios o rutinas puede aumentar la exposición. Pedir apoyo permite evaluar la situación con mayor seguridad.","2","media"
"25","grooming","Una persona con la que hablás online insiste en que pasen a un chat privado y que borres los mensajes para que nadie los vea.","¿Qué aspecto de esa conducta es una señal de alerta?","Que prefiera otra aplicación.","Que quiera mantener la relación en secreto y eliminar rastros de la conversación.","Que escriba durante la noche.","B","Los pedidos de secreto y de borrar conversaciones pueden formar parte de estrategias de manipulación y aislamiento. Es importante no quedar solo frente a la situación.","3","media"
"26","grooming","Un contacto online primero fue muy amable, luego pidió secretos personales y ahora se enoja cuando no respondés como quiere.","¿Qué es importante reconocer?","Que ganarse la confianza puede ser parte de un proceso de manipulación.","Que si fue amable al principio no puede representar un riesgo.","Que la mejor opción es obedecer para evitar que se enoje.","A","En el grooming puede existir un proceso gradual de acercamiento, confianza y manipulación. La presión o el chantaje son señales para buscar ayuda.","4","dificil"
"27","fake_news_ia","Una imagen viral muestra un supuesto hecho ocurrido hoy, pero distintas cuentas la publican sin indicar de dónde salió.","¿Qué paso ayuda más a verificarla?","Mirar cuántas veces fue compartida.","Buscar el origen de la imagen y comprobar si fuentes confiables informan el mismo hecho.","Creerla si aparece en varias redes diferentes.","B","La cantidad de publicaciones no demuestra que algo sea verdadero. Rastrear el origen y contrastar con fuentes independientes ayuda a verificar el contenido.","6","media"
"28","fake_news_ia","Para un trabajo, una herramienta de IA te entrega una explicación muy segura sobre un tema y cita una ley que no conocés.","¿Qué deberías hacer antes de incluirla?","Copiarla porque una IA no inventaría una ley.","Buscar la ley en una fuente oficial y comprobar que diga lo que la IA afirma.","Cambiar algunas palabras para que no parezca copiada.","B","Las herramientas de IA pueden producir información incorrecta o referencias inexistentes. Las afirmaciones importantes deben contrastarse con fuentes verificables.","3","media"
"29","ludopatia","Un compañero cuenta que apuesta cada vez más tiempo porque está convencido de que después de varias pérdidas 'ahora le tiene que tocar ganar'.","¿Qué idea es más adecuada?","Después de muchas pérdidas aumentan necesariamente las probabilidades de ganar.","Las pérdidas anteriores no garantizan una próxima ganancia y seguir apostando puede aumentar el problema.","Conviene apostar más dinero para recuperar más rápido.","B","Pensar que una racha de pérdidas obliga a que llegue una ganancia puede llevar a seguir apostando. Intentar recuperar lo perdido puede aumentar las pérdidas.","2","media"
"30","ludopatia","Una persona empieza a ocultar cuánto apuesta, pide dinero prestado y deja de hacer actividades que antes disfrutaba.","¿Cómo conviene interpretar esas señales?","Como posibles señales de un problema que merece diálogo y apoyo.","Como algo normal mientras alguna vez gane.","Como una estrategia para convertirse en mejor apostador.","A","Ocultar apuestas, pedir dinero y abandonar otras actividades pueden ser señales de alerta. Es importante acompañar sin juzgar y buscar apoyo.","5","facil"
