id,tema,situacion,pregunta,opcionA,opcionB,opcionC,correcta,explicacion,consecuencia,dificultad
"1","ciudadania_digital","Tu grupo quiere publicar fotos de una actividad. Una compañera no quiere aparecer.","¿Qué hacen?","Publican porque es una actividad escolar.","Piden permiso y eligen una imagen donde ella no aparezca.","Publican sin etiquetarla.","B","Participar de una actividad no implica aceptar que se publique nuestra imagen. Respetar esa decisión es parte de la convivencia digital.","1","facil"
"2","ciudadania_digital","En un foro del curso alguien propone una idea con la que no estás de acuerdo.","¿Cómo participás?","Explico mi desacuerdo con respeto y argumentos.","Comparto una captura para que otros se rían.","Le digo que deje de participar.","A","Podemos disentir sin atacar a la persona. Los argumentos y la escucha ayudan a construir espacios donde todos puedan participar.","5","facil"
"3","informacion_sensible","Vas a subir una foto de tu entrada a un recital. Se ve el código QR.","¿Qué conviene hacer?","Subirla solo a historias, porque desaparece.","Publicarla si no aparece tu nombre.","Ocultar el código y los datos antes de compartir.","C","Un código de acceso puede ser usado por otra persona. Que una historia desaparezca no impide que alguien haga una captura.","2","media"
"4","informacion_sensible","Una app de filtros pide tu dirección y acceso permanente a la ubicación.","¿Qué hacés?","Acepto todo para probarla.","Reviso para qué lo necesita y evito permisos innecesarios.","Acepto porque una app popular siempre es segura.","B","Antes de compartir datos conviene revisar su finalidad. Una función de filtros no justifica por sí sola conocer dónde estás todo el tiempo.","4","media"
"5","phishing","Un mensaje dice que tu cuenta se cerrará hoy y te pide entrar a un enlace para escribir tu contraseña.","¿Qué hacés?","Abro la app oficial por mi cuenta para verificar el aviso.","Entro al enlace porque tiene el logo correcto.","Respondo con la contraseña para evitar el cierre.","A","Los logos se pueden copiar y la urgencia puede usarse para engañar. Verificá desde la aplicación o dirección oficial que ya conocés.","3","media"
"6","phishing","Un contacto te pide un código de verificación que acaba de llegar a tu teléfono.","¿Qué hacés?","Se lo paso si su foto de perfil es conocida.","Se lo paso y después cambio la contraseña.","No comparto el código y verifico por otro medio qué ocurre.","C","Los códigos de verificación pueden permitir el acceso a tu cuenta. Incluso una cuenta conocida puede haber sido comprometida.","6","media"
"7","ciberbullying","En el grupo circulan memes que humillan a un compañero y él pidió que paren.","¿Qué podés hacer?","Reenviarlos a otro grupo para preguntar qué opinan.","No difundirlos, acompañarlo y buscar ayuda de una persona adulta de confianza.","Esperar a que se acostumbre.","B","Acompañar y frenar la difusión ayuda. Pedir apoyo permite abordar el daño; no es responsabilidad de quien sufre el acoso resolverlo solo.","1","facil"
"8","ciberbullying","Una compañera te cuenta que recibe mensajes humillantes repetidos y teme contarlo.","¿Cómo respondés?","La escucho sin culparla y la acompaño a pedir ayuda.","Le digo que cierre todas sus cuentas y lo olvide.","Le sugiero responder con insultos para defenderse.","A","Escuchar y acompañar puede reducir el aislamiento. Con apoyo adulto se puede evaluar cómo guardar evidencia, reportar y detener el acoso.","5","media"
"9","grooming","Alguien que conociste jugando te ofrece regalos y pide que mantengas sus conversaciones en secreto frente a las personas adultas que te cuidan.","¿Qué hacés?","Acepto porque jugamos hace varias semanas.","Le envío más datos para demostrar confianza.","No sigo sus pedidos y busco ayuda de una persona adulta de confianza.","C","Los regalos y los pedidos de secreto pueden usarse para manipular. No tenés que enfrentar la situación a solas ni demostrar confianza compartiendo información.","4","media"
"10","grooming","Un contacto amenaza con publicar una imagen privada si no le enviás más.","¿Cuál es la mejor decisión?","Enviar otra imagen para que se calme.","Pedir ayuda a una persona adulta de confianza sin ceder a la amenaza.","Pagarle para asegurarte de que borre todo.","B","La responsabilidad es de quien amenaza. Ceder no garantiza que pare. Buscá apoyo para protegerte y evaluar cómo conservar mensajes y reportar sin difundir imágenes privadas.","2","media"
"11","fake_news_ia","Circula un audio atribuido a la dirección que anuncia la suspensión de clases.","¿Qué hacés antes de reenviarlo?","Consulto los canales oficiales de la escuela.","Lo reenvío si la voz parece real.","Creo el mensaje porque ya lo compartieron muchas personas.","A","Una voz puede imitarse y un mensaje puede estar fuera de contexto. Consultar la fuente original permite verificar el anuncio.","6","media"
"12","fake_news_ia","Una IA te da un dato sorprendente para un trabajo, pero no encontrás la fuente que menciona.","¿Qué hacés?","Lo uso porque la respuesta está bien escrita.","Pongo esa fuente sin abrirla.","Contrasto el dato con fuentes verificables antes de usarlo.","C","Una respuesta convincente puede contener errores o referencias inventadas. Verificar las fuentes forma parte del trabajo, aunque se use IA.","3","media"
"13","ludopatia","Un amigo perdió dinero apostando y pide un préstamo para recuperarlo con otra apuesta.","¿Qué hacés?","Le presto si promete devolverlo pronto.","No financio más apuestas; lo escucho y lo acompaño a pedir apoyo.","Busco con él una apuesta que parezca segura.","B","Apostar de nuevo no garantiza recuperar lo perdido y puede aumentar las pérdidas. Acompañar sin juzgar y buscar apoyo es más útil que financiar nuevas apuestas.","2","media"
"14","ludopatia","Un influencer ofrece un código para apostar y muestra solo sus ganancias.","¿Qué conviene pensar?","Puede ser publicidad y omitir pérdidas; no demuestra que ganar sea fácil.","Si muestra capturas, cualquier persona puede repetir sus resultados.","Un código promocional elimina el riesgo de perder.","A","Una promoción puede mostrar una parte interesada de la historia. Ni las capturas ni los bonos garantizan ganancias o eliminan el riesgo.","1","media"